"species","Catch_1419_tonnes"
"Sprat",196465
"Sandeel",265462
"N.pout",47250.8333333333
"Herring",519862.666666667
"Dab",50187
"Whiting",31182.5
"Sole",13499.6666666667
"Gurnard",11166.1666666667
"Plaice",118532.333333333
"Haddock",43069.3333333333
"Cod",47360.8333333333
"Saithe",87994.6666666667
