species,Catch_8595_tonnes,F0_8595_peryear
Sprat,95530.55,1.039924647
Sandeel,757771.36,0.868583324
N.pout,186636.36,1.487348837
Herring,690177.18,0.766548759
Dab,4122.91,0.4
Whiting,52750.67,1.130897477
Sole,26918.18,0.817192861
Gurnard,14646.18,0.4
Plaice,226681.82,0.68811345
Haddock,155628.64,1.14353985
Cod,173432.21,0.988255555
Saithe,135045.45,0.904599579